{
    "1": {
        "Fc": 0.0492617,
        "Fo": -0.2999922,
        "Fv": 0.0751293,
        "I": [
            0.0134596,
            0.0,
            -0.0001753,
            0.0547018,
            0.0,
            0.0154398
        ],
        "Im": 0.0,
        "K": 0.0,
        "m": 9.9999997,
        "r": [
            -0.0008602,
            0.0,
            0.0184908
        ]
    },
    "10": {
        "Fc": 0.0024256,
        "Fo": -0.0049065,
        "Fv": 0.0011543,
        "I": [
            0.0,
            0.0,
            0.0,
            0.0,
            0.0,
            0.0
        ],
        "Im": 0.0002023,
        "K": 0.0022763,
        "m": 0.0,
        "r": [
            0.0,
            0.0,
            0.0
        ]
    },
    "11": {
        "Fc": 0.0070671,
        "Fo": 0.0102608,
        "Fv": 0.011706,
        "I": [
            0.0,
            0.0,
            0.0,
            0.0,
            0.0,
            0.0
        ],
        "Im": 0.0010164,
        "K": 0.0,
        "m": 0.0,
        "r": [
            0.0,
            0.0,
            0.0
        ]
    },
    "12": {
        "Fc": 0.0031292,
        "Fo": -0.0092415,
        "Fv": -9.43e-05,
        "I": [
            0.0,
            0.0,
            0.0,
            0.0,
            0.0,
            0.0
        ],
        "Im": 0.0,
        "K": 0.0,
        "m": 0.0,
        "r": [
            0.0,
            0.0,
            0.0
        ]
    },
    "13": {
        "Fc": 0.0018643,
        "Fo": -0.0072401,
        "Fv": 0.0023624,
        "I": [
            0.0,
            0.0,
            0.0,
            0.0,
            0.0,
            0.0
        ],
        "Im": 0.0,
        "K": 0.0,
        "m": 0.0,
        "r": [
            0.0,
            0.0,
            0.0
        ]
    },
    "14": {
        "Fc": 0.0057918,
        "Fo": -0.0014724,
        "Fv": 0.0068784,
        "I": [
            0.0,
            0.0,
            0.0,
            0.0,
            0.0,
            0.0
        ],
        "Im": 0.0017665,
        "K": 0.0,
        "m": 0.0,
        "r": [
            0.0,
            0.0,
            0.0
        ]
    },
    "15": {
        "Fc": 0.0064329,
        "Fo": 0.0015513,
        "Fv": 0.0071937,
        "I": [
            0.0,
            0.0,
            0.0,
            0.0,
            0.0,
            0.0
        ],
        "Im": 0.001571,
        "K": 0.0,
        "m": 0.0,
        "r": [
            0.0,
            0.0,
            0.0
        ]
    },
    "16": {
        "Fc": 0.0013866,
        "Fo": 0.0023644,
        "Fv": 0.0026032,
        "I": [
            0.0,
            0.0,
            0.0,
            0.0,
            0.0,
            0.0
        ],
        "Im": 0.0,
        "K": 0.0,
        "m": 0.0,
        "r": [
            0.0,
            0.0,
            0.0
        ]
    },
    "2": {
        "Fc": 0.0860212,
        "Fo": 0.1776166,
        "Fv": 0.1967104,
        "I": [
            -0.5731939,
            -0.0873842,
            -0.0934914,
            -0.2739204,
            -0.0715944,
            0.1441184
        ],
        "Im": 0.0,
        "K": 0.0,
        "m": 9.9999997,
        "r": [
            -0.0008827,
            0.0338826,
            -0.1487511
        ]
    },
    "3": {
        "Fc": 0.0,
        "Fo": 0.0,
        "Fv": 0.0,
        "I": [
            0.0,
            0.0,
            0.0,
            0.0,
            0.0,
            0.0
        ],
        "Im": 0.0,
        "K": 0.0,
        "m": 0.0,
        "r": [
            0.0,
            0.0,
            0.0
        ]
    },
    "4": {
        "Fc": 0.0,
        "Fo": 0.0,
        "Fv": 0.0,
        "I": [
            -0.2719651,
            -0.0018618,
            0.0001773,
            0.0770134,
            -0.0238204,
            -0.271758
        ],
        "Im": 0.0,
        "K": 0.0,
        "m": 4.9999985,
        "r": [
            -0.0015246,
            0.2428793,
            -0.0199931
        ]
    },
    "5": {
        "Fc": 0.0,
        "Fo": 0.0,
        "Fv": 0.0,
        "I": [
            -0.1035899,
            0.0145634,
            -0.0017889,
            0.0484168,
            -0.0143663,
            -0.1052336
        ],
        "Im": 0.0,
        "K": 0.0,
        "m": 1.9999983,
        "r": [
            0.03,
            0.2428793,
            -0.0299885
        ]
    },
    "6": {
        "Fc": 0.0,
        "Fo": 0.0,
        "Fv": 0.0,
        "I": [
            0.041924,
            0.0222871,
            0.0289125,
            -0.0637939,
            0.0083756,
            -0.0874704
        ],
        "Im": 0.0,
        "K": 0.0,
        "m": 0.1,
        "r": [
            -0.0239312,
            2e-07,
            0.3999993
        ]
    },
    "7": {
        "Fc": 0.0,
        "Fo": 0.0,
        "Fv": 0.0,
        "I": [
            0.0584238,
            0.0260107,
            0.0373127,
            -0.0411427,
            0.0035578,
            -0.1054564
        ],
        "Im": 0.0,
        "K": 0.0,
        "m": 0.5,
        "r": [
            -0.02,
            0.0,
            -1e-07
        ]
    },
    "8": {
        "Fc": 0.4083133,
        "Fo": -0.1997204,
        "Fv": 1.9015235,
        "I": [
            0.0892304,
            0.0233652,
            0.0325849,
            -0.0400809,
            0.0040075,
            -0.0761998
        ],
        "Im": 0.0,
        "K": 0.0,
        "m": 0.5578703,
        "r": [
            -0.012145,
            0.009995,
            -0.0272681
        ]
    },
    "9": {
        "Fc": 0.0,
        "Fo": 0.0,
        "Fv": 0.0,
        "I": [
            0.0750894,
            0.0188567,
            0.0197836,
            -0.0025338,
            0.0003807,
            -0.0217111
        ],
        "Im": 0.0,
        "K": 0.0,
        "m": 0.5859292,
        "r": [
            0.022738,
            0.0232439,
            0.0034532
        ]
    }
}